{
  "dataset": "stroke",
  "generated_at": "2026-06-23T23:45:11.897573",
  "base_models": {
    "Logistic Regression": {
      "accuracy": 0.9510763209393346,
      "precision": 0.0,
      "recall": 0.0,
      "f1": 0.0,
      "auc": 0.8376954732510288
    },
    "Random Forest": {
      "accuracy": 0.9510763209393346,
      "precision": 0.0,
      "recall": 0.0,
      "f1": 0.0,
      "auc": 0.8304320987654321
    },
    "Gradient Boosting": {
      "accuracy": 0.9461839530332681,
      "precision": 0.0,
      "recall": 0.0,
      "f1": 0.0,
      "auc": 0.8336111111111111
    },
    "SVM": {
      "accuracy": 0.9510763209393346,
      "precision": 0.0,
      "recall": 0.0,
      "f1": 0.0,
      "auc": 0.6114403292181071
    }
  },
  "ensemble": {
    "accuracy": 0.9510763209393346,
    "precision": 0.0,
    "recall": 0.0,
    "f1": 0.0,
    "auc": 0.6114403292181071
  },
  "weights": {
    "Logistic Regression": 3.7288819810286677e-23,
    "Random Forest": 0.0,
    "Gradient Boosting": 1.1101397537012737e-07,
    "SVM": 0.9999998888768571
  },
  "best_model": "Logistic Regression"
}