{
    "accuracy": 0.9379084967320261,
    "precision": 0.937895985623119,
    "recall": 0.9379084967320261,
    "f1": 0.9379011166274744,
    "auc": 0.9790330324563088
}