{
  "dataset": "heart",
  "generated_at": "2026-06-23T23:45:04.677547",
  "base_models": {
    "Logistic Regression": {
      "accuracy": 0.8695652173913043,
      "precision": 0.8482142857142857,
      "recall": 0.9313725490196079,
      "f1": 0.8878504672897196,
      "auc": 0.8971783835485413
    },
    "Random Forest": {
      "accuracy": 0.8967391304347826,
      "precision": 0.9029126213592233,
      "recall": 0.9117647058823529,
      "f1": 0.9073170731707317,
      "auc": 0.9271879483500717
    },
    "Gradient Boosting": {
      "accuracy": 0.8858695652173914,
      "precision": 0.9090909090909091,
      "recall": 0.8823529411764706,
      "f1": 0.8955223880597015,
      "auc": 0.9348397895743663
    },
    "SVM": {
      "accuracy": 0.8913043478260869,
      "precision": 0.8660714285714286,
      "recall": 0.9509803921568627,
      "f1": 0.9065420560747663,
      "auc": 0.9285031085604973
    }
  },
  "ensemble": {
    "accuracy": 0.907608695652174,
    "precision": 0.9047619047619048,
    "recall": 0.9313725490196079,
    "f1": 0.9178743961352657,
    "auc": 0.929818268770923
  },
  "weights": {
    "Logistic Regression": 0.22735539352139264,
    "Random Forest": 0.45757052259305325,
    "Gradient Boosting": 0.2899795369820636,
    "SVM": 0.025094546799179503
  },
  "best_model": "Gradient Boosting"
}