{
  "dataset": "cirrhosis",
  "generated_at": "2026-06-23T23:45:15.923860",
  "base_models": {
    "Logistic Regression": {
      "accuracy": 0.7023809523809523,
      "precision": 0.7464788732394366,
      "recall": 0.8833333333333333,
      "f1": 0.8091603053435115,
      "auc": 0.6583333333333333
    },
    "Random Forest": {
      "accuracy": 0.7023809523809523,
      "precision": 0.7464788732394366,
      "recall": 0.8833333333333333,
      "f1": 0.8091603053435115,
      "auc": 0.6618055555555555
    },
    "Gradient Boosting": {
      "accuracy": 0.7023809523809523,
      "precision": 0.7692307692307693,
      "recall": 0.8333333333333334,
      "f1": 0.8,
      "auc": 0.6069444444444445
    },
    "SVM": {
      "accuracy": 0.7380952380952381,
      "precision": 0.7375,
      "recall": 0.9833333333333333,
      "f1": 0.8428571428571429,
      "auc": 0.6833333333333333
    }
  },
  "ensemble": {
    "accuracy": 0.7261904761904762,
    "precision": 0.7605633802816901,
    "recall": 0.9,
    "f1": 0.8244274809160306,
    "auc": 0.6548611111111111
  },
  "weights": {
    "Logistic Regression": 0.5005488218799792,
    "Random Forest": 0.24683804043790847,
    "Gradient Boosting": 0.026701602161381375,
    "SVM": 0.22591153541545267
  },
  "best_model": "SVM"
}