{
  "generated_at": "2026-06-23T23:45:15.949397",
  "priors": {},
  "scenarios": {
    "none": {
      "stroke": 0.013866789674410837,
      "heart_disease": 0.15747750032815183,
      "cirrhosis": 0.20355997459345107,
      "hypertension": 0.027733579348821674,
      "stroke_only": 0.007877636325255724,
      "heart_only": 0.1212731370928481,
      "cirrhosis_only": 0.1810308967953088,
      "stroke_heart": 0.020800184511616252,
      "stroke_cirrhosis": 0.01802682657673409,
      "heart_cirrhosis": 0.1889730003937822,
      "all_three": 0.024960221413939505,
      "none": 0.034420252945680074
    },
    "hypertension_only": {
      "stroke": 0.03159876900644432,
      "heart_disease": 0.20062125066102054,
      "cirrhosis": 0.14495614989039957,
      "hypertension": 0.0197492306290277,
      "stroke_only": 0.012533031846248599,
      "heart_only": 0.15449806089411985,
      "cirrhosis_only": 0.11625483221210044,
      "stroke_heart": 0.04739815350966648,
      "stroke_cirrhosis": 0.04107839970837762,
      "heart_cirrhosis": 0.17394737986847947,
      "all_three": 0.05687778421159978,
      "none": 0.0004869575625153994
    },
    "heart_only": {
      "stroke": 0.028232945300926092,
      "heart_disease": 0.12825041000213144,
      "cirrhosis": 0.22944200318530925,
      "hypertension": 0.022586356240740874,
      "stroke_only": 0.014356114382254785,
      "heart_only": 0.0884027114589236,
      "cirrhosis_only": 0.2040484220048872,
      "stroke_heart": 0.04234941795138914,
      "stroke_cirrhosis": 0.03670282889120392,
      "heart_cirrhosis": 0.15390049200255773,
      "all_three": 0.050819301541666966,
      "none": 0.0009089970380089673
    },
    "cirrhosis_only": {
      "stroke": 0.013866789674410837,
      "heart_disease": 0.15747750032815183,
      "cirrhosis": 0.20355997459345107,
      "hypertension": 0.027733579348821674,
      "stroke_only": 0.007877636325255724,
      "heart_only": 0.1212731370928481,
      "cirrhosis_only": 0.1810308967953088,
      "stroke_heart": 0.020800184511616252,
      "stroke_cirrhosis": 0.01802682657673409,
      "heart_cirrhosis": 0.1889730003937822,
      "all_three": 0.024960221413939505,
      "none": 0.034420252945680074
    },
    "hypertension_heart": {
      "stroke": 0.044414731703369674,
      "heart_disease": 0.15989644095803252,
      "cirrhosis": 0.15989644095803252,
      "hypertension": 0.015740265195418015,
      "stroke_only": 0.015767895975671787,
      "heart_only": 0.11021624751988585,
      "cirrhosis_only": 0.1282369456483421,
      "stroke_heart": 0.06662209755505451,
      "stroke_cirrhosis": 0.05773915121438058,
      "heart_cirrhosis": 0.16151155652326518,
      "all_three": 0.07994651706606541,
      "none": 1.1709682481989572e-05
    },
    "hypertension_cirrhosis": {
      "stroke": 0.03159876900644432,
      "heart_disease": 0.20062125066102054,
      "cirrhosis": 0.14495614989039957,
      "hypertension": 0.0197492306290277,
      "stroke_only": 0.012533031846248599,
      "heart_only": 0.15449806089411985,
      "cirrhosis_only": 0.11625483221210044,
      "stroke_heart": 0.04739815350966648,
      "stroke_cirrhosis": 0.04107839970837762,
      "heart_cirrhosis": 0.17394737986847947,
      "all_three": 0.05687778421159978,
      "none": 0.0004869575625153994
    },
    "heart_cirrhosis": {
      "stroke": 0.028232945300926092,
      "heart_disease": 0.12825041000213144,
      "cirrhosis": 0.22944200318530925,
      "hypertension": 0.022586356240740874,
      "stroke_only": 0.014356114382254785,
      "heart_only": 0.0884027114589236,
      "cirrhosis_only": 0.2040484220048872,
      "stroke_heart": 0.04234941795138914,
      "stroke_cirrhosis": 0.03670282889120392,
      "heart_cirrhosis": 0.15390049200255773,
      "all_three": 0.050819301541666966,
      "none": 0.0009089970380089673
    },
    "all_three": {
      "stroke": 0.044414731703369674,
      "heart_disease": 0.15989644095803252,
      "cirrhosis": 0.15989644095803252,
      "hypertension": 0.015740265195418015,
      "stroke_only": 0.015767895975671787,
      "heart_only": 0.11021624751988585,
      "cirrhosis_only": 0.1282369456483421,
      "stroke_heart": 0.06662209755505451,
      "stroke_cirrhosis": 0.05773915121438058,
      "heart_cirrhosis": 0.16151155652326518,
      "all_three": 0.07994651706606541,
      "none": 1.1709682481989572e-05
    }
  }
}